T_current,u_delayed,T_ambient,dT_dt_target
47.472407130841745,18.513292883861965,22.61705683735906,-0.3299248541060411
82.04285838459498,54.190094737835814,22.469787990719997,0.6818804114409982
68.9196365086843,87.29458358764083,29.062545805210366,8.112051200211882
60.919509051822196,73.22248864095612,22.49546199849506,6.180367414477526
34.36111842654619,80.65611478614497,22.71949726128631,10.64321457226426
34.35967122017216,65.87833667107174,27.593982624179638,9.036039426161693
28.485016730091967,69.22765645178525,24.4973984245054,9.885696179569466
76.97056874649611,84.91956515653193,27.767105569551813,6.5875018763617526
61.06690070459253,24.966800885918595,20.653661575643852,-1.3066347582307953
67.48435466776273,48.942496364314046,24.875711936733843,2.015294113268496
26.23506965774815,22.120944181960223,20.336136001832827,2.580774920304618
83.19459112971967,98.7668007996647,20.626532034553545,6.994012733053939
74.94655844802531,94.40593396866133,29.06437453344411,8.42561710597655
37.74034664069657,3.94268113685059,21.392453711175953,-1.4520844456624888
35.909498032426036,70.55751725156884,25.32420682275217,9.260466186526092
36.00427059120603,92.52483174156659,24.110956026007067,12.392060440585118
43.254534577572265,18.057534512733355,23.473433262588426,0.23599251253702302
56.48538589793427,56.79452305526295,28.998333456872725,5.083296903156748
50.916701118526944,91.54882975880419,20.218233967754895,9.895016069974123
42.47374841188251,3.394597858579884,26.63789686175589,-1.4702917649788447
61.71117368334277,69.742026724684,29.633944342135504,6.451650341051691
33.36963163912251,29.734900737255078,25.601681834618418,3.4892413850252497
42.528678912113094,92.43961953765304,29.36822462033092,12.220886144175184
46.9817105976215,97.10582451653677,20.522578792860237,11.258482201885357
52.364199053022155,94.42664891134339,24.187933190741614,10.64196410391644
72.11055768358082,47.42142166574638,22.601577909620513,0.9245907781169187
36.98042692950158,86.20426509893134,27.308209649807296,11.721612604877915
55.8540663048167,84.45493985350704,29.812970904972467,9.413104053045526
60.54487413172255,31.910047324325564,22.56530062444248,0.03906041023882523
27.787024763199863,82.89154741506773,26.541746014740745,12.27807226870277
61.4526911140863,3.700763471549262,21.9809763275974,-4.3788498275787235
35.23144742123749,59.6269878482053,25.653302545716098,7.746780067790622
28.903095579116773,23.000883728770305,24.639324866883364,2.9171612202863693
81.93313223519999,12.056688577727881,29.72005329631537,-4.718131580701396
82.93792198447356,7.695320162920916,26.085272726964668,-5.952283132750474
73.50384088698766,69.62887758781397,23.49506372086819,4.1932344924071625
43.27682615040224,33.98749637680661,21.140957848879335,2.3311409188306276
30.86032684038303,72.47667715287615,21.512468287349346,9.70301925380221
66.05398159072942,6.535634079894237,22.25316929951235,-4.494756424417998
51.40914962437608,31.529033783061035,22.50966661340298,1.1169196910875177
32.32229409068673,53.949129237533725,28.50616057841138,7.6153526965956395
54.71061460667621,79.07231648389636,25.61222788282525,8.223549132103082
27.063311266913104,31.875250293206992,25.233909113743664,4.5526122748348685
79.55922412472692,62.58913764370091,21.147688718692173,2.0869287208007927
40.52679889600101,88.5977748236187,28.60139693349435,11.798990978229472
64.75133706123893,61.58631881823046,27.228143032084837,4.547548569090307
43.70266456536466,23.295947475363377,20.676683619000016,0.6161445030089263
56.20408127066865,2.440078155653802,27.078350972297685,-3.274704563948301
57.80261676059678,87.00988739009298,25.43538217342646,9.005578785117658
36.091267331531625,2.126941085038714,20.817253457467782,-1.5902105715021735
83.17507766587352,87.47016726841994,24.583006415286565,5.796516183939621
71.50796940166687,52.8937134027212,24.84696287130047,2.1014311941123793
81.36993649385136,93.90676985128962,21.65774540163276,6.621991591166119
78.68964102565893,79.87832357736654,29.456981470002823,5.827666092147967
60.87399872866511,99.79341105333374,28.49975371480662,10.92223103126775
80.312454101387,35.071181545171015,26.690223373291083,-1.442101609236338
30.30955012311517,76.71882889311269,24.622955610006073,10.797000019828266
36.75897174514871,40.193091360924214,24.117655415845086,4.4487991629756785
27.713637334632285,47.98756203039088,26.50973467150954,7.047646471668289
44.519819845795865,62.75054632183701,25.454318694069055,7.029394304309699
48.320637381368925,87.36771141863387,20.622731058818857,9.642918422476322
41.28094190643375,98.40834691992951,25.125026487703316,12.74176261064812
74.72425054911577,76.82734138645182,28.064036172328393,5.691574410869351
46.40519960161536,41.77667821673337,24.59239877596958,3.5399016293042833
41.85607058124285,42.13570022770702,20.519565775542684,3.653291933443532
57.56176498949491,73.75823015888915,27.86278199384033,7.351361649376549
33.45545349848576,23.877714576830233,22.013637821359744,2.151430226883783
73.13181884524238,11.047411313139467,22.586208348880387,-4.661089615074329
29.473038620786248,35.462215764077655,21.64706353432296,4.341085478803737
84.21321619603104,28.723899165408174,23.302150648714974,-3.305298318603283
71.33468615779944,29.630812045599008,27.56751505688635,-1.0262745807742855
36.92294089205035,23.360775104990992,25.193858595039373,2.0379809786222767
25.331327027416144,4.209318963636188,22.048812741507128,0.2210835588068012
73.92768570729005,1.787393473341381,28.778300781520407,-5.375564094719999
67.41144063085703,98.77223897360315,28.795818549515293,9.988883085872754
68.74043008245924,42.77731337358623,28.70578425046007,1.4122662770380385
71.27622080115674,38.432664715968166,22.38796211381539,-0.34613262852244375
29.44267910404542,67.96472826930699,24.51239344180988,9.578423532616604
46.507943712656356,21.825388786506416,29.84989656140875,1.1915524240700117
31.952143571507783,94.99611839502253,27.720124763099903,13.720415408202395
76.78620555253562,78.6345014415552,20.271674212255597,4.730858798698278
62.39788760965347,8.94110023122595,20.65204591260492,-3.877065177447177
44.85388149115895,41.75807757849284,24.63931376812333,3.736890671394473
28.813501017161418,87.91183075621647,29.0922020586156,13.221612243614244
43.65893930293973,94.47320222914102,25.387017979527144,11.88699016894458
44.51099932160482,46.74015112498697,24.978125080342902,4.569413388590306
68.77637070028385,61.34113892107077,21.054736999566305,3.2359666255709225
63.253448281312785,16.70339460920752,26.56780104724294,-2.0801967128776027
78.23276455457959,99.11686261369765,28.221031606002256,8.61606277348248
53.33289550971696,23.16717013834434,23.804200075075624,-0.21601140857851675
32.1756547562981,94.27317741351257,27.756118509253277,13.58853458114628
67.7946872333797,64.96466489923685,29.644766539008117,4.975959648089079
70.64710291701385,60.773679487885914,22.03766459127689,3.039872132465767
58.67663185416978,51.26885110165086,25.233296311947413,3.509910722469833
71.25803079727366,23.06698117177587,22.871379580845755,-2.5882842262871084
54.62773578186344,17.652803200550828,27.928544190338393,-0.6894784688580073
56.363969762919645,22.048620907017536,25.775933658811574,-0.5162113769608783
50.652461101512976,18.643826214425452,26.345824175503036,-0.24175568358742483
26.52514760464571,77.95844735667534,27.97914159615894,11.875516352440453
31.473485619598268,35.01252591667301,23.959704726624548,4.312656275879236
26.885751141204054,5.784267656339637,29.150900684070432,1.1507838413092428
63.184624675826825,96.91026301408114,25.3302886724614,9.80474745169149
43.8613588645796,88.37858849634257,21.57954822835348,10.47156194492312
55.514241469882165,92.77522831952129,26.958991181688024,10.346877961903925
79.45398843556558,99.49078226464353,27.932613504382545,8.48344547329865
39.9575337489325,17.38952492194873,23.167616770675266,0.5096891160101555
49.62297538213778,39.62420189026587,28.57179256998753,3.3122324320210996
70.33306831258292,75.82384757040913,29.061432547657663,6.214622664945711
38.72788992949735,69.60206180537922,22.76904487377809,8.445453638841975
29.618794589727578,15.389590633985506,29.83521472715222,2.335491112275906
42.38508717482608,81.58331249906178,21.407115280487584,9.615250388066954
34.67327723524026,22.444057183666068,22.0201566840249,1.7849685086479896
80.78185914055439,22.38176148226231,21.842248392380263,-4.010187121182419
73.48722277386501,53.69744228934136,28.939897100078703,2.486200634177915
63.00422539062541,59.293993484170315,26.542925523249618,4.336436539203573
77.28763541126307,58.00862078378112,21.52104283222273,1.7304690451871263
73.22032461394687,9.148683739775487,24.40323418368349,-4.729833742816599
36.19420353316215,87.74608626303804,26.152980250698022,11.906760029147689
78.55353990939867,26.560004258870606,20.834640849893834,-3.2308617436075138
57.36053451493904,12.951492128280417,28.824163684073387,-1.624322534616144
73.44640930984374,88.87480798689772,28.036035354415354,7.654924453606109
78.7654779954096,95.56514982297534,25.052067735766382,7.6205961909909
44.08020849831183,86.21276172654507,29.671266152591706,11.130796465766743
31.603115471660605,80.95160747248781,24.177609792750996,11.21455291100947
38.6761097525165,65.52419806390218,29.841103190364976,8.724253889316387
50.626467317575376,55.08573706091393,26.67919998803627,5.269452142944701
74.08088595534959,8.698675991141014,26.346712732539416,-4.661970254180119
76.64383499538062,40.845321307069874,21.65954895295785,-0.7462375592423651
25.417127831871444,37.2688517012314,28.81927758304644,6.015596474081584
55.64483815465394,25.97537837603262,24.274896879206153,-0.02493590302608073
50.04466018892674,72.3420113688585,21.622334057824794,7.298510938941031
38.326468628243816,49.58757350787708,20.12607519975759,5.163086847620784
32.19192204002097,8.104621590764793,25.597556836383824,0.39139758816007575
45.25691028421768,22.018320194981133,25.273996221226763,0.804883771373305
81.57458223475115,68.32587636595959,27.193536223691588,3.4512507035114934
44.39217592124531,7.613085949030019,28.90258053017802,-0.7942365315289084
56.12743730460197,85.12069140487687,20.794065846430296,8.35143227846007
67.18113753371067,49.51465270139743,27.314964903403624,2.4439263264212334
46.81777614275764,48.0586577326648,21.87411944097582,4.090841572176993
83.30692496325764,59.24077846595176,28.58177053157164,2.045472465932013
82.74683769652668,82.46809659251491,28.19063513861656,5.5506891691384705
40.10693774952185,34.780920790219305,25.407937549855443,3.3797630935745953
54.83491035354312,67.80161525590636,27.102427986233117,6.703681992472203
43.052698589006184,56.5731963995791,23.143501131837482,5.997329777790778
42.090429662648056,26.70282701694213,24.711678989328146,1.8330802183763306
27.21321684127197,87.8629986355158,28.216368977104715,13.304843812306462
61.57386003879381,79.74260216069281,24.59265197173214,7.338739315721213
55.16074139373169,65.84518346584255,23.577982653254416,5.928932677316723
28.08872507499936,85.05817290942419,24.942124472503,12.365400861101582
41.71878785419669,86.72942009598023,28.282492524372184,11.329876098168972
79.49595315799922,70.83629767150347,23.352080473708728,3.607460565189209
39.37371344001835,83.7013328363672,21.73761593135744,10.350687736872466
33.693692325473386,69.74714616692836,27.120140203307805,9.640377909768556
54.36716561665378,68.01407717603004,28.25978212708082,6.938688640207887
84.13902724663603,61.86113782151843,21.006374785235334,1.387589115552677
39.523316290690026,75.27166395576413,22.398741127559447,9.150177697973294
65.32813284435272,15.86051052930737,21.419719897609937,-3.109475038946743
70.69717691972306,88.08707591989284,23.479414115821665,7.310841037496251
39.25825263954398,87.1843527745232,24.503509789054128,11.23331005986725
68.69298091671158,2.9247283034559146,27.488263369633064,-4.711880447866427
47.06698796315519,82.58167505647627,26.51147584881674,9.817812244179134
62.938349835614765,12.886986747344519,26.20928567478431,-2.658085008002129
63.01178264565368,33.51188542591419,23.523749466096543,0.09077866644248633
57.14648104448551,74.35082562916078,28.4144755308476,7.561123155169378
30.4173862032645,16.07598960483082,24.712871673981645,1.698334124564266
75.11814973535428,81.79670241190622,29.791049380151545,6.603617817385592
44.24680389830415,83.21341779577419,26.341421382957368,10.24383985494778
36.19111062399125,50.746773376083624,21.262647415645027,5.745958105369265
27.446508493285833,0.638587171683358,26.761775620754342,0.01019646668606733
60.45357659129451,28.703813317491278,23.25104015431699,-0.344745056998498
65.65386171053694,61.69269183757422,26.863271966860975,4.405080057676637
25.995269735671368,98.11861780274235,20.696411481624057,14.05543538865544
55.72558349795686,63.18135270166684,21.748814371759593,5.230106764475368
38.58974651187628,25.98035810641598,28.557372589057863,2.643006975610095
63.71036742456699,63.40057030996113,22.27179557023515,4.330264064702689
35.46198574029948,53.99853797158555,28.3704112524294,7.213333884754072
66.45626428614796,77.98453951511436,22.792760884544105,6.239743002066673
48.20412077803225,10.698063882695841,26.428819100587077,-1.1172031272762701
81.20379932420407,76.1027902502028,26.94150573509831,4.632631838892199
33.25125664875959,54.12665786761103,25.12654753145053,7.103410040478021
45.46398106301551,96.29920038589947,23.053106766967314,11.643520770878895
31.808411274435343,34.187216603868606,22.12644376371096,3.917836551739743
80.48161709671376,63.26218931339481,20.33189354562426,1.9706129531230347
77.64036120285886,93.20281055100175,23.039464012407237,7.15530943384381
40.47649766290934,10.250972799067926,26.53162790531283,-0.20546279983937454
64.59904276205074,93.72284872364511,29.383048184484828,9.656427986351027
74.03333201207295,68.78857223008133,28.71204482263052,4.653124935831896
58.31204869596774,6.78370591051719,27.660647765353026,-2.813869229749261
56.77903470136039,30.096356694681624,27.884473432532985,0.9026333455988178
39.5111374540271,70.81720886452815,26.649849034759953,9.014920277270829
30.586166068353954,6.73506014687717,22.60286857566003,0.012346835444834836
78.83294547719962,58.217046017627325,29.071950307058298,2.5124325063764346
79.02508342979982,34.588305695295674,26.70732311905834,-1.3514741845483336
62.986087436396076,62.091551776747714,25.6044063098044,4.641022625688198
45.34178746292204,4.5742033812512854,21.109894692134812,-2.342856089160711
45.95257447675965,87.15368061523763,24.470555438064252,10.38779971244872
68.55734073221436,97.3488969177397,24.60358271201926,9.108114785136566
78.82661559715463,96.88778552856915,28.6456360952267,8.26054539154438
78.22518545590704,74.96518317429248,25.466482201877884,4.649939569390227
71.79253275145743,13.008624013063198,23.804005489704096,-4.047272305759687
63.52189876925726,75.82631959290225,29.768003285106595,7.154711003416504
30.04839789970293,2.458691645880151,21.107205933263156,-0.7488452489229491
34.69772284567682,2.2123551528997254,24.225484283119446,-0.9771765473847132
78.91325131162475,32.36102191495412,20.420246751714053,-2.4574722827457185
61.3857435795754,48.864319040466576,27.399041207669303,3.0813100595817247
25.55182309699778,77.04074178077931,29.180765521991507,12.009729070241113
31.088292571961926,68.32953766065052,22.800373295504894,9.213440739540449
64.81010614648335,44.590270637674834,28.58341676799121,2.1602044233397075
25.30369503077312,27.362666628166586,22.92218230461898,3.80671090345572
34.64848308504992,99.71245001577111,29.10770161643915,14.26426981878932
57.924027361995165,42.6181302235973,27.53961903596784,2.5946684927861785
66.5137118615616,45.13870243296755,28.049067768414385,1.9627248533017303
64.11767557015602,16.362382119166917,20.180065556004546,-3.037843933893897
38.45615856763359,79.48095487499293,29.628103570740258,10.818636356637274
67.73075328085216,69.36822257814886,27.26670992070323,5.347227966703713
39.23494524980801,22.07696127887604,23.047510953861334,1.2881149048380718
44.52398188955606,8.238104561584269,28.29394664858847,-0.7930387208833087
69.78948430708145,68.0499302074713,22.8152119841493,4.335705490754176
63.97797394283288,65.45112142811352,28.727538395661277,5.411363770820577
75.95340462965068,27.32595269982093,21.12580390411937,-2.7545571857182747
64.4567735380206,95.08635622504103,27.036859774607958,9.585464213329574
59.098516200128294,15.105789178090024,25.406984766449103,-1.9455730524963948
30.620486069685548,43.23348010426019,20.965344701954407,5.278129344672635
47.06294818356601,94.36159201675989,22.41893828258839,11.073737564891779
40.91214206090353,41.97273169261223,20.124040362773147,3.697397041625537
39.63937860274501,63.85259476640856,24.68767965464506,7.708926846448789
83.38063328514673,39.75943979627943,23.012652607600003,-1.5820816152514263
48.58586348000563,27.421520234867003,25.98357484297759,1.2879419556015455
78.5227933106268,98.39776479598282,22.972378077086173,7.815862815204845
62.86831755983577,40.9334006315043,22.99919111506985,1.1563692891299038
72.6886782124989,89.40992036791344,27.431931987316034,7.754394777039158
55.15822558631153,22.995460589108617,20.481428359783536,-0.8852805649497069
59.614233077581545,21.31047040250833,29.02894995191987,-0.6265898303314601
54.55106162913184,3.113408288451136,28.522638743911813,-2.7865416173848327
36.71457926788267,65.1666825375885,26.678046832264066,8.520435826185949
68.34712691569032,36.852634372376116,25.932215701073844,0.22603125402935742
41.846341746451344,86.4358249839637,28.923024981396523,11.349959151962702
26.45895798588723,47.32099066915572,21.853301795287145,6.5224415765483466
63.72833775443007,96.81934279147217,20.789691621908286,9.155570652155602
35.62664076442294,18.552551570312115,22.39510169909538,1.1289403523808725
81.42751506117486,86.86231679556109,27.945782787001903,6.344130985062543
82.23571462015525,77.65968527917417,20.346702667264832,3.9128262977648234
79.89186341322691,77.0921844644052,25.828068350834897,4.805853286861776
47.20952201532666,84.47832281168877,29.9543751619131,10.51485506507662
25.927396991732046,76.10239909429988,28.556960938375394,11.7440553574754
80.69911375526353,62.62203216314154,25.214456890435894,2.457722716367778
50.69104889903886,13.124487768238758,20.636409092866423,-1.7881568105357413
82.99928914262017,3.2526179491251916,28.313735143857098,-6.347801557476605
82.81719862535516,92.08478478156869,25.989785081772105,6.709291024287421
76.1805673280416,61.665031452073805,21.14932997059567,2.370850048130329
42.66693352417514,79.65372909761763,20.938572848233562,9.232014280149947
48.105863716115515,48.152235151255006,29.096268194365926,4.846635832469552
76.06820029101141,11.730818896239448,26.692002629380784,-4.412401873267911
44.01532030937666,12.518579220255043,28.292867993167555,-0.08751965648788196
35.16956480116555,68.55652872289714,28.789789002822673,9.48600733364171
58.40807574750101,43.030589489946266,25.717723520483222,2.3682943951147166
81.16928644964686,20.052472670033673,25.174463517550414,-3.991481966007005
66.76178780049838,49.15945467414369,24.304274103209902,2.0667289889604934
59.203670205361895,6.420893707513409,23.169465877911193,-3.5411414848043266
30.830589626246113,58.19714019143988,24.345959608587115,7.918992276508606
61.90043360195018,26.899340443509768,27.738796557301562,-0.23530356405461283
84.4032310062558,79.75591006371882,26.019234310151315,4.665386922544762
33.405040914191446,31.036195892357377,28.92523289954846,4.0954533820232335
56.0997791418242,45.52201490818012,24.433800143791878,2.870054861472977
77.64238431567733,1.1620539908100636,26.07089578718754,-6.272127967439715
69.44611706525227,7.244688779455888,26.31307553091989,-4.304926874873164
66.82094445971609,39.24935564066848,25.916971623063255,0.7744067415186677
67.14904503922656,47.99388347171235,27.02633773085516,2.183744107210427
46.56946907318531,60.00205481193037,22.374334683748064,5.975916423109901
42.6155106558696,29.166257870930323,25.123637775457908,2.188454570588087
73.56166932871082,69.49818861265426,21.042248028083478,3.8598006293197216
73.60680368075084,86.01223971892045,23.845113276448124,6.681624657300229
77.02433911480622,77.98509888933498,24.876670686212645,5.179306279826049
79.79443315338827,3.9618825348357145,26.522242595454724,-6.064741439516336
55.68054393165627,48.0506947257829,29.505310525862036,3.9357000331431555
55.090977681231976,10.493017841817487,26.00651066548356,-2.061605700695929
72.89771073800651,24.204501586252746,27.435939161765596,-2.0520462090922025
63.99783584666591,98.66625932671465,25.06266059495203,9.933041992542961
67.11801263546221,14.249554290151323,26.341040313763315,-2.959688396689663
72.74756016616607,49.888815345135605,20.709322161337735,0.9785425511667993
78.40032050905398,61.81557343181191,22.54391580841847,2.290285427192347
45.27970941109215,70.2464970544104,23.618530932051385,7.829327248281463
47.53497715839664,55.96486834869141,24.724933550065135,5.543474801262272
30.638916390452138,0.9770847419183659,20.456487455023836,-1.126240905640783
59.69680845977044,32.64613082439919,21.400240975533176,0.10984868813022075
27.156536427804525,51.771164338471145,22.76814307791306,7.2171254820342385
52.93588108794761,8.786649914483336,29.715326909010507,-1.584571785194637
57.5586780824546,35.06269312091808,23.31347007103051,0.9787529667096999
42.192475127697065,3.3203108791366565,24.820410581120825,-1.6734614364515314
60.44999563414065,7.857849715502074,21.96097712738393,-3.632449856019279
26.830014996342967,39.69232762015961,26.107800710757683,5.863572357325781
27.240891324952866,13.271575404306034,22.806832155159743,1.4364789144217647
74.3560336395795,56.75408482615582,22.069925784384267,1.9773492420239691
46.61143848467577,68.94649691372658,25.16572628445979,7.661260512031989
32.623630759113084,80.05866991090829,20.055057991604208,10.437728890697635
56.334595603288264,20.01502442448101,20.076640326492253,-1.5299907459273503
71.19961318591665,16.748258225906977,22.19068809101858,-3.613876902976212
37.949261649810595,10.456784033440025,20.367213625008212,-0.6292383980842942
62.373428549140016,63.64302495436367,21.080257541306914,4.384807367175411
30.120847899626078,70.64757264869012,23.388606493387517,9.755605721523697
28.10090327011646,3.1586144825642037,28.025856795798127,0.46441136309483877
56.88127789408888,93.62122462436898,25.720486433693008,10.148084761105862
57.43810729660639,5.1971283651472415,25.126677259564165,-3.2593594998581925
63.24579408989239,54.12963353010704,22.934888232081217,3.0805817972896588
68.5654800233597,70.90605194509165,29.317537194328164,5.729914938134806
83.55112476775207,87.09691237460856,23.970150412371915,5.616915061768764
55.97802089807172,71.40869321324278,20.870927667957716,6.322917328222166
44.377388376474755,80.17280830697918,26.170665161178015,9.750080844134782
72.71117168612221,33.94501925428061,21.138383934766015,-1.3548455807774342
41.24993507572445,81.48251137465122,23.452231428016923,9.997663750234242
51.338285242338166,8.011484638467515,25.074119387178087,-2.081298036124883
29.70738288053596,89.48166560605276,28.74222524685176,13.301605136697388
26.52104460492745,54.75923761537362,24.935465803401186,8.015688292115259
82.7589048806755,81.72977699624937,27.022587660316642,5.2924268968925485
75.15880723073235,45.23182845183001,29.928168389990702,1.1309444126817958
66.75845236562188,64.35776951965249,21.314891198979815,3.973220282117615
49.53717666485619,52.640266093611324,22.747315255195197,4.547307237834074
35.39765920425074,73.15895217553319,23.945760755976465,9.542355520295693
34.38622256026516,8.162998203058958,24.218281785388314,-0.046542866400762106
40.01457388987572,6.03520839905638,24.11021075265546,-1.0827641322940758
57.95359988236723,24.710323401014644,29.076110025565548,0.09686227805198655
67.87575536200373,15.954468011318834,27.140326444668563,-2.698758412969071
64.61184260306388,87.17835665922017,26.079052140907038,8.26015469111342
41.79603381675657,21.92139873580443,23.09372717862782,0.9504214806045708
82.29191683979164,97.58652558191314,28.237903842212948,7.881227212589632
69.2738150017461,33.68957917711069,29.550605114849887,0.08803564070457615
58.26124315068404,18.211791568869927,28.211982825502265,-1.0243888053172325
61.70324477406113,78.96985071424791,20.01565105191473,6.634528391868885
50.176003745667394,65.87077755008761,26.364013701834068,6.904117877033975
39.86385937006945,49.8195716453139,20.511353814421007,5.053872552341029
46.35836071907569,55.53635509376312,22.57607220333722,5.357667199597159
70.47076662786215,71.92017782722638,20.595247003477716,4.553586721035903
25.863609317785354,22.845474133129873,26.037954529493877,3.4486142714330463
31.964358430414975,99.63339160567419,26.865899134926067,14.307701328915014
27.760158521305165,97.4793162146783,21.144876380659053,13.79498716462098
27.44372813913821,65.03256863469369,23.838388830449794,9.304217881618001
76.32763504066043,19.954245092914512,24.56236508955542,-3.4775219799509487
67.21947156280143,68.02282424312914,23.690530217609165,4.762305968320337
53.45042974523951,7.219840897917584,21.21025000485193,-2.9470463328608103
30.87004963906009,3.0652502205806065,24.189477901874753,-0.37528393406107596
54.49695250700994,25.76828885112137,27.51178047808418,0.49209682405248545
53.408306246833945,46.26229567393163,20.710076645332556,2.8520656509020714
35.39211219460091,86.82725054083805,20.801800140819033,11.200298574402971
51.03109895427838,72.7169069766308,23.547712918359842,7.472112792004801
48.91028406384241,74.2706521199981,29.41725711618925,8.70396944954307
61.951005883132986,42.54933344480754,26.68572646722914,1.9742400897331498
63.10561905205863,34.59349925469629,26.78669956672565,0.6491599525378202
27.718240586322672,37.10387629846027,23.61919990837865,5.053201360026037
47.47675687758827,98.76495637360578,25.936607912085385,12.122224835353006
62.55159494285418,4.010919141248248,20.101311840277432,-4.704647516634856
55.188175514805266,86.70314961224486,26.36096046409542,9.402070560497997
76.38939047129934,57.86754085723934,29.13286947576237,2.7730660041437796
64.52161789713671,43.86154191895905,26.125734683448194,1.779745886132793
34.77606562488578,72.52576604151365,28.73698593466345,10.123979944949255
29.234124844025793,48.666894142470284,27.239730554660937,7.050734835199935
63.54515669237894,87.34232380816606,21.205584164036903,7.808902005182155
26.59067863249731,90.07018640112585,29.024533072858418,13.814759765214017
60.1465348764078,42.17209268734554,20.66443844355775,1.3905518489955746
81.41381448549745,27.682779723505156,25.339674725477636,-2.856850511476704
59.52845067255274,59.23503285933622,21.421371237934576,4.121869999573164
48.29019557239131,91.2363345616691,20.11706610730904,10.16380900111508
63.59729310654119,21.066218900566657,24.22034260127639,-1.7621859780731017
52.495173429491,62.296658356348274,22.950407076541563,5.651402959333561
57.7370073589561,63.156022009252055,24.86000493797603,5.3637779987653
81.48788852659152,73.3113022415281,25.77199886734551,4.032209128823463
48.16615826804646,13.15676851272598,20.437390723089475,-1.492580666210726
82.67143382943485,71.58249646820886,21.230032951237455,3.0571993604566545
79.32103851736383,90.9032520665641,25.586423964504252,6.918660990877166
36.74746808735779,17.968310887024195,23.43167353172658,1.0307723135997282
29.161678052509927,23.754332492387764,27.29173487549448,3.3294069767312338
31.0466800826456,97.13950940416396,26.522916485919396,14.005455961033817
26.093309539092985,18.097695270948975,28.456043629899067,3.0099960519931064
30.6665776453557,85.4385093369579,26.924928266692252,12.348070228210753
65.98040640498141,49.227785644803475,24.29931077390148,2.17403089283553
29.27131890761374,24.723107440317705,26.729666223944324,3.3907595305889786
44.138537817625675,87.07499012725114,22.753811742554184,10.388157759703734
75.69251865816727,44.53052550026655,23.063134987782128,0.10090586624183917
26.39631614414955,51.48173539296902,27.889851599207933,7.9089522408276505
73.86810895533614,35.92333693997657,24.46419516401582,-0.7869886829185546
41.911286486403995,59.29508514349274,27.983803405183526,7.153327386371352
32.08988965729937,16.352387258502276,28.224223736682784,1.9696498486982676
66.80422992184904,39.10815366517607,28.57562337661284,1.0876472316218848
62.73657080679304,96.94123223352875,29.166352358412073,10.344907528981691
77.64832081162318,25.813343270112753,24.309852205132962,-2.7953070852943642
69.10426262823314,65.67366645412922,23.188668183211387,4.111600662491663
73.20885582309091,32.51900642246949,25.821987465941138,-1.0455075812732995
41.922074354278394,77.34731256866006,23.711724234376277,9.325803120311244
35.64637262678337,13.087366071834982,26.01074166800233,0.7586510409276173
70.0368850984515,96.98210450785447,27.055858626438244,9.174687367176514
73.41008435603584,45.37895413836392,26.88405018492137,0.9910888493652799
84.4303085200404,23.605046334646396,23.745528870201213,-4.044840506032939
49.757060614685585,7.349674733001265,21.668602016987528,-2.408606114762067
47.32108514756699,16.975790508754073,24.305293384622075,-0.33060539405500355
71.58477764451982,51.977394855601766,21.425941440819088,1.526754702877673
45.448212415181075,33.70031764312863,28.900970351838083,2.98664238855142
80.84543953621389,82.88833658826094,23.458774607378572,5.259917372134726
76.5047651105807,43.08875236618059,21.54459747223324,-0.4067080998663455
50.7396416425011,24.871427258762992,20.25447759905751,-0.07993141661600012
70.05226406748984,61.714498660403,26.45822386286484,3.8079197734823254
70.27257244508094,70.67772168854458,26.369023174547433,5.113714594464998
31.187432130155955,16.704190790094987,23.406041665812918,1.5329548104713684
79.15317440077399,16.761921628831765,20.71711888847651,-4.790218694712421
55.315142346871426,3.667142693354297,24.09628894895232,-3.3522852707367434
74.5874479664645,73.64020150656405,23.112174950633936,4.611621099005787
44.20297606183671,66.38045276218051,26.771206397350092,7.77809670626625
78.73139370977202,47.46308757498139,26.057792494526904,0.5352629843415686
48.35210072404979,84.41704489691972,23.6459372819754,9.574286304278658
25.6502590888179,80.56701529500532,22.1789255425499,11.651135600967297
79.32291858515582,58.535436439675216,29.880359661555918,2.5999956005012947
30.477200607168015,86.82712805132586,24.54001621196115,12.281921158298019
44.15881825542489,20.584121003676824,26.88274235780237,0.9281086633487088
82.0037180230483,11.191961939772789,21.405529675783608,-5.895979252442167
82.03642881625336,26.974961151698963,24.855896996593977,-3.1013223047025793
59.40627328739717,5.708685608931486,20.275367198694656,-4.035060419748092
62.91023273018796,53.1169528001032,25.0545511791045,3.2355827261300476
51.90673131869919,93.66056922949615,29.64017407117702,11.265765728484151
42.592646301883875,3.9343540668509647,23.842067129858002,-1.7536692864755894
44.71987272219496,12.21099140100268,20.389960125749116,-1.209590364405328
65.35110736462231,45.21990282834353,20.309557909193437,1.1527917423229201
70.1424717662608,93.38750175279048,23.879867599468696,8.22529974206956
72.4947426235509,31.61561049767505,21.600249364631942,-1.6194700827136135
72.37708856767324,50.723480868839246,20.23352096328186,1.0905761797769644
30.472366182921423,4.15728590503921,27.562136139501767,0.2598141303284245
54.66521828215489,14.834320096208886,24.585230088818907,-1.5348505097356648
28.453525600998656,98.66301229588468,22.892447719726544,14.104317109223688
57.97173293942413,96.51186964360456,29.000831830164806,10.855417807883267
51.49183008240262,0.49399809344096157,21.161389602005258,-3.717205346033526
78.26225096549798,95.18117854232389,29.55918828955319,8.189293946855484
46.05490075312472,63.91199378155004,23.139667173773528,6.722394869813606
32.02402098565635,86.79182945200222,28.884036723086812,12.626276384979139
33.57950092317015,45.47398556338591,26.029428764794616,5.877338814710944
70.69063790304833,51.55960285792502,28.267073597414875,2.4309948904845715
62.09308379897566,48.88465802569202,29.840131632104644,3.301079682994925
31.067360567367416,66.68642575461044,22.884054378187457,8.98005058954407
30.046408366899847,13.96512547563129,29.61135485407593,2.0403871322417038
67.0581478875472,2.9973589872677953,23.894818949024202,-4.945812269225205
29.36578038185161,30.79299415911909,23.85511904736922,3.9301164570575646
74.31160355742136,70.46807627366466,23.403871042545056,4.20674487669016
67.37453362938977,20.185345212294838,25.41407607347585,-2.2172554126450144
29.880926838513986,67.34324333249174,21.54145043178487,9.05905194903262
30.090262845111514,96.99120461072704,25.537114853580114,13.97953719266763
84.19837471007052,9.39007157894184,25.41704812410004,-5.939155086405035
47.45624774536722,67.26021182251263,27.6190181260487,7.609378070962078
47.23852882401346,44.375021930457116,28.336499619375857,4.293499638988867
73.76797403545015,86.81422543775054,24.40441350312424,6.85168874912184
81.83491464303152,17.71497894473859,23.023332493514935,-4.694200926978786
84.16006382937226,69.26259522261645,22.593348973170944,2.6935499263673037
70.2026911155365,83.81152896481102,21.946238367048718,6.53967275116068
47.57557513185495,94.46142194740233,20.57647582199025,10.794325878377261
30.010043001920124,68.32480282896458,23.424479788347135,9.425525022648063
71.6288149556462,49.71747640084273,22.702476921307834,1.3418292058341121
58.504254984148304,61.78472402012139,29.66417385866407,5.6626984623326795
50.453320554818575,86.89049844787182,25.57708826250044,9.924045730641005
79.38126310568416,57.060974663882966,23.472770390305076,1.5705846101600596
31.67184893836908,3.038705969683686,25.804676009936962,-0.27759072060146195
54.55750625745155,93.09486955069778,21.391967013456956,9.818538027105344
25.681218686045145,68.95267510315611,24.440437492022028,10.187803616220528
53.11963851964758,67.65133857772466,26.262343214210638,6.79053887347908
28.378196540910242,21.567515239771716,24.888978317924515,2.7989750080925413
32.12907497608431,65.88854702326572,24.017788006543242,8.869371182297224
32.05157480662629,39.386440565415846,29.938483888996984,5.643829720108713
63.95261812696381,65.12329770414921,28.80314762148927,5.374810842438064
69.7626927559254,10.659303030799073,26.2340595815944,-3.8421836921715142
60.00212590582958,65.7845304603036,25.693773611822827,5.579135532294696
82.73035290847253,99.94137257706666,26.20660479824584,7.925737372781662
47.49223477142225,4.821203886055603,22.013121078224334,-2.4617086287413987
42.14272517691164,97.71741842213173,23.951377432643184,12.383694295286201
77.11594769136761,40.690796072287064,20.39459532890899,-0.9865496344642679
38.41575031116716,87.07534503372591,24.755460374868267,11.353765513021525
82.79335236643668,78.23854840582734,25.43024583957663,4.565393945016595
25.72926848138898,56.70162609866678,22.277497361032097,8.073772524755407
83.19272960245834,73.84492092513266,29.64028847165514,4.382682997419497
27.589594717034565,87.8515561301348,29.09454610937242,13.365852343562452
78.46858682188426,40.4140321651033,27.22143235455906,-0.3437894836501556
56.66206654517799,32.70331615632387,25.333866287653628,0.989472391258035
84.57788776715802,66.75933855635847,28.69969159647685,3.0291262621186252
29.427793884123933,80.78459419412586,21.306523438234628,11.102530323382714
58.231257064079244,76.22851347766158,27.90509794274885,7.643507131482938
83.15815213714595,79.78136488586345,21.248208139668485,4.228461733194835
56.38587065020893,43.5583314812933,27.942106625494056,2.9782792191046354
62.763918288115754,81.78342161750216,22.757675682513568,7.266732916925051
66.74492133907702,12.020905537060845,28.770905810181887,-2.9436161105527656
52.27246388606639,54.448909796084955,29.44042093825398,5.313331100936191
62.6534848050438,0.575866049812157,21.487959694051156,-5.059310731402257
60.058858715386016,32.45858299002703,24.626756050653935,0.4397746154125439
79.06948062945935,36.646153487139784,29.80987378162685,-0.6605278329080955
27.726782820487472,39.61726916092554,24.834074359731467,5.58100181654433
41.85779137553382,69.54672066898621,28.635475225145452,8.779218581549385
82.02468904459352,38.85581012703457,25.887315221313198,-1.188800208854853
78.41582703345497,44.86936226225306,23.75329907919602,-0.10241165494440985
52.33940516714277,23.754413087432745,22.857835555258703,-0.12203423837059679
62.207955868092206,37.325179162934006,22.03223091086087,0.5768112547861834
41.64287097886796,22.726962726315147,27.617981913776973,1.6559332758108982
36.28726958342568,7.319592376844364,23.865405068230277,-0.45479420787277114
52.82190429639893,60.34485933813779,25.11275462200751,5.588085191421742
46.20113368156317,66.82127985550163,24.92325480001182,7.363457118131325
60.01936671105233,61.94903460096145,25.77279029233131,5.01153313780409
29.66407821789909,46.34940438005724,28.655771456245525,6.82637231180189
83.46368845996999,37.978578017922985,29.807393435834292,-1.0102501753285145
84.17264466877617,86.33336495718252,24.07584208573817,5.437904420697629
66.88970284118471,51.908178513621806,28.27518922106303,2.95941257452806
57.165781980647225,47.9181877629731,27.645277946547175,3.497665160183458
43.571656977179664,2.5642065806435688,25.73528951455573,-1.8449149457314564
73.82770118241692,34.12478276261564,29.56047143611933,-0.41468630389485295
66.08387035323275,38.019561878585705,22.004745155284027,0.19304363204426433
34.75701636069348,39.88227808969005,21.092642103096214,4.2742949312538485
79.65563106963054,58.017236922733225,28.53961966955422,2.3130841134004436
74.35223457539014,53.360254672687844,24.391498166337485,1.7589461497715941
81.98799479751544,60.79050927934446,28.469688542070607,2.428788109971065
68.5431705033016,76.48832615421283,28.93090205195415,6.521715366713494
61.80491175614739,81.29857387160935,20.624575936190716,7.047244103246817
50.09458217743713,71.81230762264944,28.834647629860605,8.114354324950352
80.9637090012408,95.55236959549347,24.48319055369422,7.272790633380699
76.9638333700245,1.823258267636163,25.10432489004232,-6.208949819852348
27.713120206371364,19.57779856835461,26.265925110932102,2.7557703983232833
26.58201846983512,0.756287497814212,29.26382606730087,0.4486690743553504
47.58780201268297,64.7474714154603,20.19116094429764,6.2875405787708765
73.63319984690997,89.8030548949987,24.76843468317817,7.362362588783329
84.23656775889667,24.34822965762993,26.877220424305605,-3.517683968179394
34.02501346621169,92.70345447963066,27.227069576982284,13.055775185790925
60.64784292112811,6.026739028956085,26.92532431537108,-3.3113039713762165
47.85345139786129,93.44360268055144,21.344351294081218,10.702902889110206
83.19486386887618,35.16226872396344,22.99395588371681,-2.2507731895504053
75.52713538814251,10.142082844921651,23.587155254170135,-4.9711850900083
75.29972228266827,48.58717591863256,28.04437207679505,1.381157612060731
53.12158958769822,25.677656772050796,22.787598724145532,0.05989965786353357
49.88917014025991,28.487290196192284,22.10704963867203,0.8003284667303578
41.40442431584238,30.728996492628657,29.57448019038096,3.130606458211621
28.382529799055625,80.30258978326634,20.08863285113469,11.008651348999834
76.8833425753032,53.91612766752545,29.97820855681978,2.2242773978183887
73.77406054780465,31.130769915600364,26.768212988573957,-1.206115457563782
84.98306039716783,61.03337833109184,28.28469299449117,2.0677108243291915
84.79821022443431,71.61506742231936,22.94619396346193,3.0107580807263554
58.32590233615765,27.262400073353376,20.1431527766706,-0.6834836839328746
71.13924491083063,41.354910152535155,27.3786951856153,0.733167807228357
81.68594379294568,12.188609333694755,28.34144597000676,-4.839770827813152
75.97884344064468,18.11493495346803,27.40476131953519,-3.354520022118482
39.84088610459186,68.11178539649828,21.428502873008387,7.915219905526806
52.03264811860561,18.143834769562694,27.53427922256969,-0.3407208965700854
32.7495649090897,52.516338366706016,27.689227821076408,7.24490861900424
82.24306163552333,70.90462617224327,26.58540515670055,3.6784868659836416
61.3704780670528,10.687692309474384,27.66115932795586,-2.61051099596596
38.71856833020776,56.73122196289035,28.45921439677732,7.227264052754747
65.30204106435141,25.656278370136377,26.136041142374584,-1.047308234726648
62.08769442747375,96.29268752375798,20.886047139696792,9.293697217591575
46.48976308197043,48.35456467199247,24.87627809667211,4.5514990776365805
31.81345553197774,80.59925497751581,20.77649334671605,10.71026797346966
65.29439173556798,55.022654215626176,24.075430310324307,3.101027954188467
56.2184620542276,4.341253285481916,24.071064891256277,-3.3672366525491277
71.33910350413836,63.31513755940223,20.660098441402415,3.16239500106834
56.209810066719605,95.14033422066571,23.488205339694794,10.180849542221754
76.1308900191124,60.16118201463312,21.109980987913147,2.146563673295061
58.114410326469134,81.91888594267903,28.082352100092223,8.533825613104739
58.656278292123176,88.42064633484078,29.47688025964471,9.615672196166308
77.5992161595007,22.807977194893247,20.723164752579386,-3.688309846631177
49.208971972743825,21.204483990822666,29.551152072917013,0.7234451111450482
33.04091370703844,61.09809888509917,25.225765993367453,8.187821368556001
26.726960578800337,41.10284698067047,22.995656779538738,5.69901407219287
70.30823534041714,83.98613028667204,20.768620752761635,6.405467719543866
62.21857308120788,90.00231233980112,25.006242680704176,8.848805550907205
67.24478608595342,35.34213793027181,27.945155444907485,0.3888668594100295
37.777849690534644,23.687055897448207,27.07086477266698,2.214685269883773
33.18228853520618,78.05255152438619,20.50226011463974,10.122879176087123
25.872679940072917,27.48060355481361,20.729018353679034,3.4791328349228055
46.03525352839582,82.26143185136785,24.02873282632637,9.588399689946495
60.395061211277984,42.37382536487628,22.95290494047943,1.6758042708816232
48.53464270598394,66.75498992914704,22.323843230560477,6.736898554944124
51.248495321423746,9.553531383466819,22.810044989087135,-2.1217765840220535
79.2495216696249,62.3859324676573,28.034827432968846,2.9560530905665887
45.89532802139802,45.17676787372291,29.29228053631854,4.701134245423502
55.83936934958865,58.66084631754741,24.051026945275666,4.825584147092988
72.01918076446859,16.801420774486342,29.06111002132497,-2.8495457267200006
48.79256693927621,73.68737449441821,23.21495701247882,7.855904933313056
62.32520201367241,86.27970775432286,24.764369863437917,8.246852144369116
76.74182252480472,21.673980009077564,22.260289978159996,-3.5590945669689558
81.97123741945853,9.571455552016172,26.40476042175844,-5.510091291910086
33.82440885574228,2.3638586046336396,29.78981115174809,-0.14974592230422745
80.59525750968967,64.1971500443266,26.034930960433787,2.8095316879920045
54.52697758477229,60.70940360887808,23.57814084113549,5.23780594837711
40.4946632979375,54.669741271407005,26.478174459905283,6.448400085957024
52.54814537429568,23.194709611597542,21.229206784653876,-0.43566088196559427
83.80195451712862,39.09059959055147,28.886590802653984,-1.0008305257266095
54.55708563957218,59.4476335186173,25.030839507798362,5.226364261320867
44.72509661725049,49.67668588591694,24.49349742039642,4.922552983280781
63.004051259003546,98.77855202148874,25.85864788453519,10.173607381414765
39.408737126691584,13.643975255673313,26.247838627894026,0.40148397600130226
29.551799686519836,69.51445540475937,20.71775806226513,9.322913107682067
32.73278331463895,40.431876810429216,26.826172212234024,5.326455133763766
32.682750337466345,42.819961492561475,22.419316803155297,5.1400650320953405
34.11416161073766,71.75977656581762,27.139526325065898,9.89213707416367
33.32963035896461,69.24361513243696,28.225347943841967,9.748506967975214
63.452484688192875,99.12559937021884,28.039585075525203,10.442227453949366
35.91280506394869,12.839428945412523,25.52500967407889,0.6274399180781538
45.740036999431794,10.410964938416633,25.20169892310751,-1.0056475187780405
78.80730459436072,72.43388171287411,21.428759613394117,3.6927641343102913
53.437698415772346,57.83869170064091,27.753461504031357,5.4652741411285115
65.05346431126162,27.416066655980586,22.714093804467144,-1.180011314952222
35.33919227209779,7.9419368988986605,24.966954228179468,-0.10523922065499125
36.53734112852025,8.565824959643054,22.842740929275166,-0.4269512809591769
27.45211697598873,89.41908746641182,21.33828362999693,12.6486339517128
35.136103784329876,19.18673247187429,26.295576968917366,1.7729440188545795
41.71542034191752,32.33715621155208,20.543320348229038,2.2040609325217506
35.62062905660481,22.6656402226988,27.486452341262,2.3830739439869686
30.322152025423335,35.49963058319373,23.175867952611167,4.431659078377537
32.238152266036046,6.942384274609337,20.001346930044853,-0.48824302580749857
52.64672608196355,51.90597909082704,25.111291392372298,4.343967527425148
37.38002310434755,6.76125635922149,20.468519085276032,-1.0997495485007163
46.85619166288453,80.03565078223616,22.761695578208993,8.993535606750982
55.20503625129142,23.3712081910433,27.069764874557162,-0.011227693435286845
66.42368971776192,54.00119146045106,20.626896216218658,2.3755795313747505
27.358728390465934,88.00790875614582,28.393384923560024,13.330518380058635
72.96462393454256,65.08773690471942,20.03819922658583,3.147357447213322
62.67402336945447,53.29577865513353,22.46823869201902,2.9686437135905983
29.905541916932314,32.43337531153756,27.409040561520715,4.552943627304185
77.41471744640663,33.300191305819794,23.162701497293067,-1.7864732977662259
80.25234403190879,66.94869551981901,21.018923880660136,2.6381268090667707
28.664677591291824,99.41393612211675,23.60233918800428,14.279298117906569
41.61265888883222,66.18391898493786,22.703932863845257,7.563997094617308
73.37207678758368,55.77834173700249,28.42711902160555,2.7486315398031067
69.89558142301951,73.06505102392461,23.13347917585143,5.114494872692681
36.07126116138264,46.52056122837182,27.889324717760072,5.955342128802952
37.56095940020262,6.0142342600785215,28.91872144810735,-0.17814460500013074
47.22832616748292,56.22968158779098,24.338174195765294,5.573183241703942
54.07137911146128,95.76252845053801,29.09943143854392,11.242885808466031
62.09528629181776,17.530294235765965,23.77318053963193,-2.160719083658334
47.134818374186345,69.00048908206658,29.64078416490108,8.163319086149329
52.75208296798887,20.093368865905646,20.89289524525573,-0.9683931354557958
69.8482562880254,53.582768447308126,26.870192665032427,2.665157314222097
27.200992173435875,9.667644964671961,24.93814040456929,1.1672902735924708
40.146216660641244,45.037093625818514,23.87648805455647,4.721847968112181
67.80097515307315,75.61633288952461,26.327118787486008,6.158217887730298
78.71241026123195,34.757152423898205,27.03857091634331,-1.2456570545263492
55.70064652693996,66.4911724487218,20.043632696503092,5.516549138503661
56.92680911591894,79.54499607897291,21.669530887471986,7.524589633290067
31.430320680386565,92.71778194794527,27.130460506343187,13.370184770436369
51.84474200940728,23.464208185545353,26.663854135782064,0.37202024362865105
56.95703598730139,39.931591580930814,29.660475051286774,2.5776686201377954
39.54823021808378,15.241601333041743,27.610377902507828,0.7940086605092671
41.15459385696286,99.24835021583752,29.50772707731338,13.43139418491944
47.63704978627736,92.70009679242953,27.02540501534807,11.328558922498269
26.204271866663582,53.99571302805596,22.98052208639443,7.69638823167475
44.3247499349907,84.20332943764213,21.053649222508565,9.72161182658605
37.68688041979268,52.09579772720422,27.818238633449354,6.580789435787717
44.64984113067488,62.35856880027597,26.44149221475916,7.077741705551929
32.18572790915508,8.912443211601662,20.48186012393296,-0.1261169914125151
78.4316368443937,75.52704204968079,23.600504659009783,4.47516478427913
60.61554721324292,12.771348363523483,29.56799815484286,-1.965241377771485
65.74613914866939,82.60676302525283,25.004011457102013,7.298248492342003
72.3502743164403,78.20280876703859,24.327291360197044,5.72754844552538
54.90653193574344,70.87446977429764,24.57699605159294,6.839978480625833
30.215217285245423,3.6160380524762115,22.088827240051636,-0.4733930477777917
57.22639250911287,30.31283559453286,23.687071708647952,0.35451023912181334
60.210467081252744,26.311256991084285,23.698132559871766,-0.6173532665099799
69.7263684510598,36.01364074715191,20.523550201874723,-0.7483061690753479
50.89957277378076,8.764274676383854,27.675676285179183,-1.5883458596176192
32.65481816773382,93.69578230310628,24.165044319038792,12.993145614379063
42.026554347923465,55.38022407123763,28.221798868164235,6.581439175715739
46.78493778391811,30.552431065802356,28.503480011198953,2.297682438280458
63.755034479896075,39.698151707428345,22.11994054698658,0.7503360145005642
59.246698280134716,44.72025405048357,26.573534821701287,2.6238926752683565
46.36580355387078,60.05943333606173,24.722818041629818,6.303541811379139
84.19091492757877,51.567942769649775,28.801567379214852,0.8115229719019759
61.34648916141323,91.93919732144174,22.15740679176454,8.892244302010175
39.233607504159664,49.696348290583025,26.778132003100442,5.897517805955051
31.106948357224226,99.21580148233127,26.077521222527224,14.253691830512565
34.171548351059926,85.14249577450957,22.953014775718326,11.369057669258735
39.757463703070485,20.85105143573358,21.366009036511727,0.8287258820401924
34.64088239557334,93.05952146439162,26.516397604772767,12.94336762080867
36.19402144307834,11.636639788547608,27.385974581323307,0.6444901105627618
42.10571012163082,81.74497084911916,23.1562734376335,9.893066041868208
35.40241571768529,38.06232934765801,26.448326040223137,4.590088192465932
78.8059254775855,87.79743204450695,23.95130907611503,6.3127877564922334
29.81402473969853,86.80566901074504,27.132068832826178,12.685605863252711
56.470683374215284,80.59254001176211,21.99215274894053,7.779064673604971
49.62380961937969,79.00304363070614,28.902150026361745,9.260249095478677
83.94271701451638,30.46791390980408,22.874095964655798,-3.063390544761961
31.72233413008314,8.091928305125219,23.67785987756153,0.20822996420358142
48.871335942744494,40.29801787651615,20.580919520803498,2.5084006287347975
83.16822599652212,17.35245149865087,21.115122123212764,-5.1537702593660395
76.93042755363882,69.49510889024617,25.15861902712328,3.9527902677224827
74.02432425695679,34.609972653778556,22.675926767279716,-1.2270537881428503
40.474169622696394,97.56102008599149,28.354802257421944,13.119232092239415
35.25325524340395,64.0972077345332,20.14693388654954,7.726290990573178
65.11859319546586,82.24805636343609,23.79094048671936,7.171251865922102
80.76255934765516,13.252467274184843,23.373455467690928,-5.185767893867801
58.405773580835785,86.20144822726226,20.19327630917601,8.153655075131867
59.29676136819399,92.27571905133944,21.243683990005103,9.084723185427304
41.79874561961705,48.70619188189359,24.136426749186352,5.098138923480201
71.16957599151621,60.625293775097745,24.928645844474467,3.313677797884444
36.2226249134514,76.48098009029954,24.04289747254869,9.949681083432091
44.42075418425462,17.483862726041256,25.30937678412094,0.23365723388947846
50.526186316985005,50.25660764634424,25.951316749056815,4.466632450960613
55.456622721067305,39.86630277723131,20.099238211278355,1.5602723528610776
39.544583944904815,14.63739921622491,24.64095159453504,0.33265583863751447
31.890209484352212,36.753442229153144,29.63499240887588,5.23111419993843
61.63720254649795,6.817230938549357,25.190322801295487,-3.533275327367905
42.31783319441534,2.5811906949486985,26.77542267458953,-1.5556227107359217
59.874293285356735,13.516628915482276,23.11863857916883,-2.566962500951147
34.26176291645214,96.31151115891738,27.739913781527626,13.631495531972043
53.86840611128905,54.952953589501696,27.72921481876115,4.975544126859267
56.95536595309515,96.582216115322,25.21296047654139,10.519531732729078
28.109412209345614,43.2497878330132,29.760138232792137,6.693808927882795
45.196256691635234,31.181613308525957,21.255502147626533,1.684647678277806
33.064880616338456,50.61418628402441,20.16947664889581,5.980202446673331
28.802498228366066,43.95116886329101,27.701582117570958,6.455060815644263
84.39761394339672,10.566468426174392,28.071555373648827,-5.455787057292328
44.34123069848338,64.08263146902063,21.202072291205763,6.71999991944339
73.5924667512781,21.60381825095996,22.65582832958606,-3.1265070650675106
40.27843928582583,61.95879548978296,20.175523633666288,6.780954866947501
65.89016333343577,65.02010923981534,22.933086107805646,4.383381732768536
70.61367159338118,15.20248531286481,27.731418739186715,-3.079908809844587
60.738324436470656,6.134962711066816,25.179605277125788,-3.524595488258086
53.2945713130095,78.07615860684398,23.48095593168288,7.984721868360769
49.71045484883611,45.98004237693202,23.717392949063303,3.6478736190682017
45.93209599257972,5.816379550547579,20.01353625715468,-2.367363034345993
80.77174865486955,99.48663171697672,22.99800527565236,7.701276835144357
74.83716446726375,5.778056099636664,26.464587416379306,-5.179863716415056
82.90161463999075,69.50352288585532,29.74194443816357,3.780569657649899
32.45783340913268,98.36789252634136,28.470608269838994,14.256780736539493
68.85204851221866,23.918010421592562,20.235949646455293,-2.489310794981536
81.30042740926227,14.224936868719617,28.985606046748394,-4.405612140006292
35.87398396993961,12.138493942242889,27.83198413298626,0.8155241117172647
28.98977604200665,30.327514756759555,27.803761235709803,4.400875362726827
69.46723895740354,10.10458110106467,24.579957590035715,-4.095223005761277
59.46838679079471,69.2161341694132,23.980052929545028,5.9463783927557685
75.50972660549633,6.229179813006269,23.029157288331927,-5.625694192694609
33.38634259757737,50.94221281497897,20.656948589543656,6.050157671242632
72.71603871159341,99.66968538529768,22.282353634936992,8.646242173212599
37.09763920286467,81.39702695060188,22.466036349780246,10.380603685954728
34.81935657194227,61.52194382310109,24.840770697102016,7.980968339110132
34.85594787585958,30.625362078661166,27.47444406596694,3.6711163355625946
73.87448321388293,62.389583629163845,24.73809828397947,3.216389428136644
64.911833241772,52.70414639116516,20.578444494471604,2.3639483652622237
56.38392548614716,42.60833838903715,29.57789800988204,3.040497323822432
46.529829047410146,13.071037674019948,29.427243190941123,-0.1771675809556359
77.6320324487865,88.66042152404667,27.851895431484085,7.0765461014441975
48.546706445358126,44.97846488213225,29.913279015642203,4.417591303605347
73.99596636829463,19.462251182076507,25.444823328002627,-3.1495552027250246
51.3480945142131,36.77593508772896,29.62768350253206,2.8013388866992135
47.61666576549445,41.4129752528927,20.756050406167507,2.854369368018036
52.76078714017639,82.75378955668742,23.656807482613715,8.775070976307779
43.08267244984852,73.3614380561402,22.253812680067657,8.400608237198423
69.85656281057507,76.93048936413398,21.9583308413427,5.55229440846605
55.16322340554875,1.1031264428647214,21.40802948892676,-4.05393027314804
38.93276170880904,41.615399817976154,26.224136415659967,4.653731811052788
78.97447439647411,48.13441516353236,27.81321855747305,0.825005294654721
48.033473282392684,1.9192276823056686,25.782983994203605,-2.4934270086777848
57.613171666839314,25.98132087450342,21.469627095882096,-0.6207449401941392
79.38832665787282,76.0289823122135,28.11123769933471,4.99471122701476
62.454279754839526,13.710970572899905,26.359547071637284,-2.4551959994652943
32.013882442501846,53.531013145259166,23.881657061269955,7.013123799134888
81.3899274168085,21.52018720172375,26.74130295536063,-3.6030499774224216
62.66248318428507,1.2120774643893273,22.59904979242833,-4.8261175543236945
45.09433687942517,24.12014575995415,23.451922084942105,0.9127200146827388
33.35632435980324,97.58737549100537,29.174858431319905,14.11542308259039
72.64151135621776,80.15371118829896,22.905045056714204,5.805998390806899
62.20436535571081,95.95766443210334,24.699882681579368,9.70558933054907
57.007665518579294,48.785404392636245,28.901411373960144,3.804528890818043
78.63355498305745,10.973619867750351,27.077213502675274,-4.798499704885219
72.31583267347185,54.79594889736929,20.62203226164703,1.757667283127291
34.100492783965066,45.43773345599609,21.473030442789703,5.237227225752493
43.70332406773289,84.4357082739616,20.07841590771917,9.712242721092522
39.90934838886794,9.808258078424458,26.309217902291635,-0.22877759905836936
69.63677755436062,48.82411370217782,24.476734254104183,1.6786116427946185
27.011946084146764,15.004866469398426,21.342748509022755,1.5420802735192627
59.19338109227899,32.467592689006,29.579341210567705,1.168383918136989
70.74752114444144,73.73570773877996,25.296597239456197,5.378990672693839
77.60593820570497,47.601812936876655,22.418932941128894,0.24189628245948835
45.52490492295445,37.58882851457693,25.006035711547074,3.0734656257606177
74.27543828032077,39.44762785700353,26.79620332735108,-0.0177601905706819
31.637904217312432,45.94467684059866,20.762392179735645,5.532262521392701
75.7871375040711,78.50165438370568,22.74703815047892,5.14523573835683
32.649319739918944,89.20846889402344,28.069654908839937,12.808812230218638
48.837237433622036,95.53346865039283,24.596648704026613,11.299946706359496
72.83772194677321,78.6903386255295,25.465771420322948,5.882056978023142
33.99504564092643,31.540689574801274,24.328160022094693,3.522742733866224
38.75508371395849,68.81347060865421,20.43899942643005,8.032510055357077
68.33515410358397,43.760312405539196,21.65749779820156,0.7293398226580772
68.20219219276447,25.467062204605117,24.455416387418907,-1.6482876449774282
63.468857973117835,84.08715794259226,22.091854654079278,7.440948276509018
66.636906668026,3.8426348962324997,20.499790286596788,-5.190744313243776
57.56346660085577,90.17619921354235,28.436496640518236,9.88555863698916
40.10794353441717,46.147746462473414,29.81192529164116,5.635159689024011
45.741759610235164,63.72014768082804,27.931428739967394,7.331730793340735
35.89586300808554,65.93539222057827,28.53784921704667,8.970557109206881
79.5070336800177,89.51177407065364,22.419771303170453,6.290858313492141
60.00350768596723,63.66696821672073,29.606269755131997,5.750390491153706
49.05108500581839,61.39335847600618,21.969257044534285,5.823775276240413
52.720348218647956,6.665204056068996,29.514298103618323,-1.9009756559683548
81.83700037670891,51.84080219452041,29.94819293965951,1.2900193995468845
34.20108418696481,15.016900081704165,27.117228057460487,1.3670529960675837
60.17378992100783,73.74337687214856,29.81143731791822,7.266212455436082
55.35332073306796,51.22219208126745,25.695397795671035,3.9760884450155016
61.68725412607887,68.02277792083532,22.595417831760905,5.316937151335552
26.08661102925043,4.167290060238427,24.369958856656208,0.4105119874614861
77.3274345366491,8.479201604580322,25.93560935378786,-5.152097907170606
80.92709694901674,71.63233880626822,20.73081562027015,3.2203156548469085
58.907991015352536,7.208433599867337,26.223432646172462,-3.004304756167409
66.79904943261354,7.12567277652586,29.811778367622946,-3.5545579666449454
80.34996287063774,1.210847523488745,21.901076497837277,-7.124483668076746
67.43431805880391,95.65013982994802,27.925951162883834,9.408975112502192
34.15234257485568,73.75083594590069,29.078987937796192,10.428456062252668
59.57730161000879,35.32514085020642,29.437015928202207,1.5312354173051395
61.40290278297135,29.65355812876552,29.601356044054473,0.47284037695021786
50.44784027814316,34.97032297458495,25.21459638721472,2.091392959821688
69.18665413748337,77.46535311811819,29.773079079915036,6.693106085521686
81.06202088614089,66.13706110704143,27.573102071344387,3.2344443142066526
80.53411077440657,18.519556786746794,21.61671436236962,-4.5867410334926
52.050362284247925,17.410933533408436,24.7690010646797,-0.7985301224347627
31.794282750445316,9.839564971339732,27.18331175372004,0.8995633711103004
84.09047193774008,66.03027197013381,22.473403158190834,2.2024071980764166
75.33388518675605,76.43726622217359,26.406151835488874,5.349623264417641
32.47976087219601,26.5046428325004,26.666004790466193,3.248976914658833
80.25051295704233,2.094496103091281,21.62699743808566,-7.013765024405892
77.1937817237277,8.217166747642734,25.650853124527565,-5.2102910627536065
56.13028342756432,96.78600348450304,27.716269109786076,10.966148732953176
60.476526144695754,29.544477747742025,24.98895664535942,-0.004274525255738126
48.94016223220781,76.92231478381336,20.121031167761075,7.935955834516163
28.28569832932188,62.46635688542638,20.090384690792924,8.345539327997837
45.11183449875406,38.19396396528959,23.570293439700123,3.0364019624116967
73.17120691588069,20.56872621955551,29.26194068431782,-2.403349346012032
25.277921380276172,12.138641815940643,22.286767796036088,1.4469020743610859
45.00995030146865,61.50129680388666,26.343636888716873,6.891905343989027
48.8901216154566,77.4633780637788,22.220758706933207,8.285836346001396
57.24373617627537,64.39042535411306,23.216699896595486,5.405184268156973
80.19133698476563,53.030213324915835,28.48042089601484,1.4906674876435266
45.780759661957674,4.195122343163627,27.288614422699467,-1.682249803432732
45.81719211377366,96.84887775943838,20.953992773132107,11.419431746335562
69.25007488658491,79.87141916545745,24.287020209864338,6.360331040228546
52.133076453388426,29.282203670096475,20.291697636452646,0.41215819839749823
38.47628937639892,97.99703293588506,24.80890146603009,12.991131451586654
52.1463709679616,60.18815896363221,26.624340117010682,5.837969988175966
33.45142122278799,58.24226582072465,21.185026235981514,7.203040499757888
35.5832191903734,74.8073179429532,22.888849389091657,9.634301466282762
54.902066364368785,81.17697880901376,23.97836625502157,8.311084307683661
50.13552697027288,65.64786073315027,29.195310246560496,7.229652019508492
79.890754064086,12.809574636620003,29.932550154229638,-4.323339293239044
46.74363394699799,33.82675059944984,20.44911298995616,1.7871974702872468
59.83530101668261,92.80836403260497,27.610079234953922,9.893101882174658
62.93585727517182,22.461561184385193,23.717240664023432,-1.5330928987357701
25.785667395300017,37.21670238375133,23.9245818622948,5.349869665937048
64.81224232100263,43.2076882944196,27.542649733470228,1.8224541707213895
35.682158012185084,43.940498969445215,29.184264321454087,5.778838134075407
82.66421904816731,61.29395824945255,29.509285945025482,2.5497270995251533
33.91976366518678,94.30758377447076,25.771225860383208,13.127570340570168
49.87744742362142,24.069271183250496,23.571211593005028,0.3221111986605254
30.12098008471863,12.150137630091805,27.875490858587792,1.5418344912474158
84.81245511075684,19.747048985993732,22.510013832623002,-4.82574781186767
55.13170061987455,88.69249002092695,25.640740288335177,9.617503461696622
60.723101039202625,64.5810812655206,23.58578461524873,5.044997636833852
29.02458864330565,28.590678923916013,26.566310737078762,3.9813171003090413
69.99762822395067,81.59469389686173,22.40398912893507,6.289999197652309
37.594335585735145,86.1369996363436,21.91592945734826,10.96074917940318
78.88325736644282,84.6514338690278,29.18239086675437,6.4851067678931145
37.308378428920435,91.89265336395545,21.01803682949537,11.747605304665184
36.441263239819996,25.224102017336158,25.059579077349316,2.3609047822915885
27.192980070885692,75.50419287462783,22.20852782963009,10.702572401037223
53.324016706599956,46.053949727414,20.389299633256673,2.7912528249441904
58.890467995756985,84.19985528900615,20.360188182914264,7.8136933167455815
28.94251836570114,72.84906771616131,21.752217721058273,10.028572576843839
71.53165700170064,77.64474464997247,28.66770354506,6.288717515415789
52.197330084881656,65.61618376810715,22.824787439770265,6.170859734577148
56.4634161596548,17.742876946970686,29.504591705752958,-0.7084215146921271
51.44576481629369,54.502691889693835,25.816222929891936,4.971711047653855
49.04578365251956,98.46697395245081,24.366141897687662,11.685090873513634
58.57841987849307,93.73880664971189,25.800888346694546,9.963629555981967
34.31441475584275,4.317373579701167,25.16698385226268,-0.4958228259923336
35.91568782971627,16.481481572943714,27.58776253757325,1.4312315744236797
76.70713726081104,13.172877345456191,22.82496065972852,-4.759340473316886
81.76692772801796,72.59799099852955,23.530503916003024,3.6101456732775663
47.398558976785175,81.77853298569451,28.94094302533251,9.959577953922594
41.244680388613226,21.35113663106719,29.464565131504052,1.730156087521432
63.639972594340946,50.5852692951829,28.925582274864745,3.2484916043429086
49.52405026588578,84.07030280112,24.194479939573135,9.444349129378917
26.52318133962069,73.28015447662506,27.803655030068818,11.152082382799772
34.36915584197142,54.223720549184826,24.763357333010987,6.932833268757669
67.95833373084386,59.03476904587729,24.975398521461024,3.482348455708739
64.53543651460907,50.83605469162799,22.04680109057284,2.3143287757396696
26.62575955020901,29.754845131882057,25.911303032585167,4.373919705079328
38.318329715976965,56.50219928590161,21.86135897753348,6.418208550579806
38.86448779528428,68.88853020500906,23.315646990671937,8.389674430174814
65.3135646159237,87.33229158608077,28.550302016199353,8.504435912946573
26.182632265261848,63.629135397924806,22.07075809210855,9.030386038044558
31.24651491907443,76.1121537043158,20.711582851734327,10.099956547229858
72.99496512239136,16.0071634954573,20.690075926128163,-4.137036625214305
35.71267972326002,46.15574744197899,29.40784520503108,6.135257801518231
64.16476647111247,0.9331619827093296,25.06920437961835,-4.746970964030366
39.29096686280359,24.667886452162303,24.09412071817018,1.800577199745169
30.966483565560708,72.64617151130048,28.108785810079183,10.539713507259881
39.590331459967246,99.18099513493634,28.358259279105162,13.473140247632688
68.33601591133956,9.917809958721591,23.321910331156047,-4.1390917037147
76.34178808637714,40.14943158612883,26.936180574737953,-0.15328620103557355
74.8131918740195,80.00709686991596,27.711228158518864,6.113319066049813
48.83101177710729,20.403563462889885,26.546506868659545,0.2749714058775141
65.08510819423877,55.50849493022862,21.515950748000993,2.88012955875457
37.29905772494926,73.30712960296748,28.75883083517057,9.928541079222786
42.588863815660794,61.5985450260179,25.39094552736009,7.090041967865097
78.78014911126718,18.802473461541613,22.824724263700038,-4.174057086714651
25.78011541064416,35.538456868573945,24.25228185437694,5.139789335752688
30.130511851268086,78.37917844853972,20.375710903989074,10.537526648871081
37.47317530876164,55.42265141320166,21.278668012224177,6.289084299913066
26.591932232429183,0.5229613542912737,27.655467505158608,0.21138611223486914
35.88612610538784,76.09907600280938,20.00011634755366,9.429110180692135
59.98249365818153,3.531135494023907,24.16565828482292,-3.9474340975662408
50.28547303554988,74.57337827312321,25.225101810855882,8.053460337881733
78.56030266461849,20.24805601652374,20.546344200009724,-4.214536405597535
74.04661370430645,95.80734801193802,29.730781629723328,8.831623192467811
45.509041101872555,36.79407513020845,22.26125331249672,2.613137795859288
40.56540600587755,32.69316163380791,23.041987196362808,2.7135468938818437
47.78154449003601,14.888805033244468,23.039425122550274,-0.8594441659490473
60.417696550888465,30.560421549021488,22.3041666211735,-0.18012800886114722
41.08381844937257,87.66507618282006,20.014738220863116,10.516126398859328
62.44893447094804,99.63343376272474,27.293447940879965,10.5505792481502
49.56469913147443,36.83095305068483,29.668454997992853,3.0376124409175285
58.12283085111881,44.861063095454256,22.24293483285045,2.2441724620345926
51.167591748119,72.2070938202737,26.630471918034225,7.763924094280457
42.66794557251506,88.61957804650746,27.418963269587152,11.386813919110129
81.9071984177294,59.304433418678414,28.48425379090525,2.217796934448743
70.81634764958565,39.15256981778293,24.226291970136092,0.04912851273624419
33.40679054598715,41.262184084862376,23.029309056404294,4.8921424265315
77.10807855387478,69.56181464968068,23.25295134023031,3.7023812957465445
54.24587189497082,0.32182636042786816,27.126213330985127,-3.3416833664340313
78.67313361364549,61.95893374598407,28.167794665056363,2.980672693323969
72.99131535683891,35.54930104413574,21.816139677566028,-1.06450180328875
50.512810268154006,79.41973312770843,23.70941008157765,8.56253494583422
26.348158499207045,9.299063982313216,29.0194019674915,1.7287650308825393
41.12064156309677,58.82022669483905,28.06693519694739,7.191320708457185
57.498052879652015,48.09728898861238,29.84858402762476,3.7584097417884497
63.00869318956884,64.23255259052274,27.542482596820808,5.2016065644849085
40.47326112599214,6.485359448296835,23.931952010279222,-1.0948597222195895
33.36136444436945,57.99837874281313,25.90637833994638,7.767883548369085
75.09581420795794,56.14845879595237,26.610142542473202,2.3615598612072617
84.06413084221313,56.06600944161709,20.78455816317124,0.4999548313623272
56.54141093816115,60.34876665964548,25.44496959103865,5.165259830556509
35.30075715089821,67.64679372263622,27.093208284726096,9.121075450123918
41.338439591162135,80.49889996807697,21.673213040010605,9.616681676317603
26.103440592848003,26.982072012821433,27.80631717425557,4.260170374599161
79.85792839362995,82.5049410180062,25.837727805141117,5.6232160791398265
32.06506497340847,49.82556822634536,29.522217856975946,7.155979344397739
59.59098853085521,7.705827913433117,20.424222982068915,-3.73997150658332
41.44331324123236,5.85509292439792,22.65326137555467,-1.4704925445500232
58.2506801509476,33.42383186960608,26.015538792998242,0.9841821106972422
64.08522330111185,78.48969771114676,22.965599122059306,6.633501634290445
74.7845082224321,70.76809347409157,27.144241640712423,4.660180698398776
37.3852763056362,78.86149646724064,27.59005282521931,10.604821535033985
25.659749719508827,51.72690564416094,21.025159640664743,7.17971208676863
33.213137804128436,44.01989979554906,25.13854464206768,5.593660824074764
79.0011185108863,14.745252670628394,25.088905555910557,-4.527238718777709
77.43340465375091,32.81927536093116,23.69280770215541,-1.794683314809765
60.844786130218495,43.40193661738753,29.32924862569672,2.570848304542907
61.0310116260192,8.860042967961723,28.275063198732212,-2.765487108216615
64.90220047277532,22.061195271121125,26.97209381909637,-1.4320840410417
35.522276717406974,59.82252940637388,27.143266357349976,7.926003115948957
79.8647167554976,73.56631142391899,24.61716143813119,4.129002298917047
50.12623149352439,99.83475113929497,29.209945210965756,12.360676885574415
47.98831169496985,93.31133313435576,26.945954272532852,11.366405292348738
56.13506231697025,64.25651995351916,27.289810616558164,6.032821530476363
27.817958006503304,42.1248053294072,28.61690903787345,6.418589678332349
34.97700212536476,63.617736470823274,22.74071589342191,8.013124691630633
69.28201698558223,78.56516180802319,28.07070903866703,6.633360777839078
29.96792007550759,11.833619092338733,21.95240602956492,0.7731036081079761
61.189126567983294,40.99048896962883,23.45341952244888,1.4316099647525222
39.72094658087926,83.98022856356172,23.356104542698425,10.551429029761653
48.35773684251859,38.3832951933044,29.785254683891406,3.4359340091672617
42.32162420624199,57.18722712271865,28.565372237479266,6.8585525723124565
46.34036298789695,58.77693608621982,27.011698615902596,6.400457366433678
68.14275431105473,18.447625313363936,27.2705676161539,-2.341879539858014
42.8273029373905,36.22354416522884,25.62072794402571,3.2827097506137264
58.98427841781383,33.451128874193216,29.47090667108519,1.328497862787902
53.56302413194598,2.6196708532064794,24.962587528823615,-3.1821039474093236
64.8202699217589,2.4191763891355245,23.805177098698945,-4.764010144512165
81.20978435948548,83.16970436757735,21.63035336931591,5.028026781365407
68.95432583261501,27.30708099728124,27.86205652261058,-1.0404715141583685
37.896422715445404,51.80787662388154,27.344439320755914,6.452183569246044
26.87098810367708,29.872557358877305,23.84355038524135,4.10245388902713
40.73584265798951,94.06792451153404,20.251934139592294,11.549700111930454
60.70467584201529,25.929675886577375,28.389973277180108,-0.1498864376177922
28.08554880905502,42.96568127389351,20.114179834540735,5.44843106926974
54.781974832074184,87.27302504846018,27.03699779629051,9.622831627796067
60.81057093501335,84.19335667918087,29.70257109726057,8.740503522158031
45.05463344901765,18.610141784627732,24.376613281482037,0.2067687467522079
71.25473222474932,80.26433097957104,22.34973404995953,5.926524875086932
31.39589518802631,45.81868867378927,27.048710100433816,6.329405165119328
29.508266904148527,48.29688720853552,28.17128142015585,7.077409895781243
68.6913253722162,13.347997241594378,25.464303160778474,-3.4011781901905596
54.72947897237191,8.060151375712465,29.670352752561463,-1.9233680711194359
66.30414378566417,72.79393069737652,20.516687216579612,5.195657533470909
51.089640316224774,49.646115235529976,25.04795598304528,4.19170674368206
39.78412199434641,43.68507026151796,27.1845394732255,4.97781272408758
74.14613906045199,72.95082286523967,28.626404711491787,5.252656636165925
72.96495273813875,76.55128989911097,21.7925561190779,5.08614390748404
66.6817882512656,15.890816766935355,28.000034817636816,-2.451596664163295
41.32870823379776,61.02251494776413,25.527070757185452,7.178172557588081
60.41384001214523,13.535408227768553,23.965536819899633,-2.5257266648654166
46.65843381640161,75.13750860290457,21.317150285790937,8.102965849109353
30.494924399598048,65.69551562671396,28.652957589089127,9.624081492693477
80.03881452773456,95.6614621083458,21.572732081797152,7.040959010509695
33.209117855137684,6.895801635642118,23.097878592090993,-0.2295346625345187
82.01424122924814,5.705472115125431,22.90045531962437,-6.533402421434157
51.76034637747735,28.218707469320016,28.714140341908543,1.3520303659519013
